Index,Keyword,Tweets
0,starbuck,Cody win
1,starbuck,Why lying You walking robitussin commercial
2,starbuck,Conspiracy theory Starbucks baristas purposely misspell peoples names prompts people take picture cup
3,starbuck,Dana Scully Buffy Summers Kara Thrace Starbuck Lisa Hayes Carrie Mathison
4,starbuck,Starbuck
5,starbuck,Starbuck
6,starbuck,Hi John First question Whats ur favourite coffee It 's random question bcs saw holding starbuck coffee
7,starbuck,Doctor Beverly Crusher Admiral Kathryn Janeway Col. Samantha Carter Captain Kara Starbuck Thrace Detective Angela Abar
8,starbuck,Doctor Beverly Crusher Admiral Kathryn Janeway Col. Samantha Carter Captain Kara Starbuck Thrace Detective Angela
9,starbuck,I love
10,starbuck,I John starbuck fired tweet
11,starbuck,Headin starbuck
12,starbuck,Starbuck vanilla sweet cream cold brew
13,starbuck,Ozzy Osbourne Under Graveyard Official Music Video via
14,starbuck,When worry undone song unsung long loud head I went inside let flood run free
15,starbuck,I seen riverside A retweet go along way
16,starbuck,2020 good year albums J. Cole The Fall Off Drake TBA Kendrick Lamar TBA Kid Cudi Entergalactic Young Thu
17,starbuck,When worry undone song unsung long loud head I went inside let flood run free
18,starbuck,When worry undone song unsung long loud head I went inside let flood run free
19,starbuck,STARBUCK IS CANCELED
20,starbuck,The boys Laudy flying Ya boi landed ...
21,starbuck,Betty recommends Waffensupermarkt Starbuck EP incl remix via
22,starbuck,Yeah I millionaire bu
23,starbuck,1 Texas 2 Trying read three books simultaneously Dances With Wolves autobiography Isaac
24,starbuck,Betty recommends Waffensupermarkt Starbuck EP incl remix via
25,starbuck,With new pork scare remember get free range pork straight Ian We ordered whole hogs
26,starbuck,With new pork scare remember get free range pork straight Ian We ordered whol
27,starbuck,HAPPY J-HOPE DAY RJ Local Starbuck Avenida Rio Branco 143 Dia 15.02.2020 Link
28,starbuck,*shows late w/ starbucks* yeah whew audiobooks great idea get starbuck
29,starbuck,STARBUCK IS CANCELED
30,starbuck,Men cant handle Rey strong female character Princess Leia Ellen Ripley Sarah Connor Agent Scully Trinity Ro
31,starbuck,I need buy pair fit Snack shoes
32,starbuck,four hours near silence us starbuck///s assan n't know spell
33,starbuck,four hours near silence us starbuck///s assan n't know spell
34,starbuck,four hours near silence us starbuck///s assan n't know spell
35,starbuck,HAPPY J-HOPE DAY RJ Local Starbuck Avenida Rio Branco 143 Dia 15.02.2020 Link
36,starbuck,got 20 million dollars richer
37,starbuck,When worry undone song unsung long loud head I went inside let flood run free
38,starbuck,You block yo blessing dealing mfs shoulda got rid
39,starbuck,I like nitrogenated coffee beer general Starbuck 's n't best I 've b
40,starbuck,My dumbass literally thought Dwarfs people 's yards I kid
41,starbuck,1.Staging framing Surrey rcmp chief face talk framing EVIDENCES prove The UNLAWFUL ARREST impos
42,starbuck,Bro dwarfs ... .you think would know difference gnomes dwarfs much go Disney
43,starbuck,gifted entire team Air Jordan 11 `` Bred '' Christmas
44,starbuck,I really case shawty
45,starbuck,I WANT THIS IN MY HOUSE
46,starbuck,Does mean Izzy crossed darkside
47,starbuck,Because experience celebrations
48,starbuck,Man I say enough great things amazing individuals amp getting know
49,starbuck,Man I say enough great things amazing individuals amp getting know
50,starbuck,That 's nice family photo
51,starbuck,Happy birthday one Hope birthday incredible All best bro
52,starbuck,Why garden gnome next
53,starbuck,Starbuck 's happy hour means two cafe lattes
54,starbuck,I sorry I missed shenanigans Howeve
55,starbuck,When worry undone song unsung long loud head I went inside let flood run free
56,starbuck,When worry undone song unsung long loud head I went inside let flood run free
57,starbuck,Is apple juice starbuck n't like coffee
58,starbuck,STARBUCK IS CANCELED
59,starbuck,Breaking Potential No 1 pick James Wiseman left University Memphis Wiseman sign agent start
60,starbuck,Cheers 2Smooth means lot pal
61,starbuck,Well great way attract Starbuck 's attention fact advertisement dollars
62,starbuck,Slow week office Complete survey bank 's CRA processes 'll get exclusive first look
63,starbuck,They good pork pies fair
64,starbuck,Big man fake account You must worried need make lies without knowi
65,starbuck,Nancy Pelosi Democrats handled Trump 's impeachment `` prayerfully solemnly ... '' Reality
66,starbuck,You absolute muppet
67,starbuck,I stomach rumbling suddenly feel like vomit I drink Starbuck 6 pm jus
68,starbuck,It awesome seeing
69,starbuck,When worry undone song unsung long loud head I went inside let flood run free
70,starbuck,Well great way attract Starbuck 's attention fact advertisement dollars wanted
71,starbuck,get ass starbuck
72,starbuck,Yall acting like impeachment makes goddamn sense first place How found guilty shit president
73,starbuck,Starbuck happy hour 7 Can always mobile order
74,starbuck,Did I miss annual Starbuck 's cup expos
75,starbuck,Starbuck though Battlestar Galactica
76,starbuck,I need stop pretending I 'm I put Starbuck 's card auto-reload The time
77,starbuck,OPEN TO REVEAL
78,starbuck,The car new girlfriend new car smell leave
79,starbuck,Lolol I jealous point
80,starbuck,Yeah gone acting grand minute lol
81,starbuck,Yall acting like impeachment makes goddamn sense first place How found guilty shit president
82,starbuck,When worry undone song unsung long loud head I went inside let flood run free
83,starbuck,Yall acting like impeachment makes goddamn sense first place How found guilty shit pres
84,starbuck,What got
85,starbuck,When worry undone song unsung long loud head I went inside let flood run free
86,starbuck,Nope
87,starbuck,Bosa far racist
88,starbuck,AMAZING
89,starbuck,cmon gim one badge win starbuck life love im broke student
90,starbuck,starbuck
91,starbuck,Aw bless little heart
92,starbuck,Ahab 's obsession prove undoing After three days chasing White Whale Starbu
93,starbuck,In statewide REDC Regional EconDev awards Capital Region getting 84.1 million year State development
94,starbuck,Conspiracy theory Starbucks baristas purposely misspell peoples names prompts people take picture cup
95,starbuck,starbuck bar
96,starbuck,You apologist big tomato
97,starbuck,Here pico de gallo I make
98,starbuck,Here fresh ones garden
99,starbuck,A glimmer Something Nothing To think twice Was lost trick George Starbuck
