Index,Keyword,Tweets
0,starbucks,I love I 've Starbucks
1,starbucks,If wondering still arrive ISAC Hyungwon still sipping Starbucks coffee Minhyuk telling
2,starbucks,Brand new bonus episode dropped Detective Mario studio
3,starbucks,Maybe refuse provide service Nationally store
4,starbucks,At Starbucks I ordered White Choc Mocha Frapp kept giving Vanilla Bean amp said confidently
5,starbucks,As friends Australia say Starbucks coffee shop pass smell coffee
6,starbucks,One time customer Starbucks asked help text girl really liked could ask He asked
7,starbucks,Dear Rather offer apologies intolerable/vile behavior SOME employees towards la
8,starbucks,I live maybe 3 minutes Starbucks I stopped everyday get iced coffee hello I queen self control
9,starbucks,Wow imagine denied black person trans group I guess 's St
10,starbucks,Police Officers REFUSED Service Starbucks
11,starbucks,Police Officers REFUSED Service Starbucks
12,starbucks,CARLOS ** massive lover musicals
13,starbucks,Woman filmed shouting Starbucks staff Yishun gets even angrier staffer says bye
14,starbucks,I 100.00 Starbucks giftcards anyone wants 're Two Californ
15,starbucks,Starbucks apologizes two deputies refused service
16,starbucks,I disappointed Starbucks Ubereats service much I love never
17,starbucks,One time customer Starbucks asked help text girl really liked could ask He asked
18,starbucks,racists always weirdest opinions ask explain racism come something bizarre
19,starbucks,Dear Rather offer apologies intolerable/vile behavior SOME employees towards la
20,starbucks,One time customer Starbucks asked help text girl really liked could ask He asked
21,starbucks,I 100.00 Starbucks giftcards anyone wants 're Two Californ
22,starbucks,I 100.00 Starbucks giftcards anyone wants 're Two Californ
23,starbucks,Let find one tik tok bitches holding starbucks line like I slashing tires
24,starbucks,Expensive garbage
25,starbucks,I Starbucks service bad I ask take back tip
26,starbucks,I would never go Starbucks anyway ... waste money
27,starbucks,I 'm confused story Does n't Starbucks lines
28,starbucks,If wondering still arrive ISAC Hyungwon still sipping Starbucks coffee Minhyuk telling
29,starbucks,I NEVER go COP hating Starbucks I know could care less white dude MN boycotting th
30,starbucks,I would say n't use already purchased would
31,starbucks,I 100.00 Starbucks giftcards anyone wants 're Two Californ
32,starbucks,If wondering still arrive ISAC Hyungwon still sipping Starbucks coffee Minhyuk telling
33,starbucks,I downloaded Mariah Carey 's Christmas album amp I 'm Starbucks chihuahua Louis Vuitton bag making
34,starbucks,starbucks corporate catch hands hate hope get classic syrup injected straight ur fucking arteries
35,starbucks,Starbucks apologizing California sheriff 's office said two deputies ignored store
36,starbucks,It reason given getting coffee Starbucks buying products store Starbucks
37,starbucks,Just WE people going stop aggression I calling nationwide BOYCOTT Starbucks They refus
38,starbucks,I NEVER go COP hating Starbucks I know could care less white dude MN boycotting th
39,starbucks,It happened AGAIN Two deputy sheriffs completely ignored employees Riverside CA Remember Starbu
40,starbucks,It reason given getting coffee Starbucks buying products store Starbucks
41,starbucks,racists always weirdest opinions ask explain racism come something bizarre
42,starbucks,someone said 'it 's socialism chinese characteristics starbucks looking around hunting mfer
43,starbucks,One time customer Starbucks asked help text girl really liked could ask He asked
44,starbucks,It happened AGAIN Two deputy sheriffs completely ignored employees Riverside CA Remember Starbu
45,starbucks,One time customer Starbucks asked help text girl really liked could ask He asked
46,starbucks,If wondering still arrive ISAC Hyungwon still sipping Starbucks coffee Minhyuk telling
47,starbucks,If wondering still arrive ISAC Hyungwon still sipping Starbucks coffee Minhyuk telling
48,starbucks,If wondering still arrive ISAC Hyungwon still sipping Starbucks coffee Minhyuk telling
49,starbucks,One time customer Starbucks asked help text girl really liked could ask He asked
50,starbucks,Earn extra plays game
51,starbucks,I downloaded Mariah Carey 's Christmas album amp I 'm Starbucks chihuahua Louis Vuitton bag making
52,starbucks,Starbucks n't look like company cultivates hate rather hope
53,starbucks,If wondering still arrive ISAC Hyungwon still sipping Starbucks coffee Minhyuk telling
54,starbucks,Police Officers REFUSED Service Starbucks
55,starbucks,I would go starbucks everyday see
56,starbucks,California sheriff claims two deputies refused service Starbucks
57,starbucks,Shit I hear Starbucks girl mad get shoes went found someone leg
58,starbucks,literally every Starbucks intercom order fuck bitch singing window aksoekfoelf I would
59,starbucks,If wondering still arrive ISAC Hyungwon still sipping Starbucks coffee Minhyuk telling
60,starbucks,Very Patriotic ... Thanks backing Blue Starbucks needs decide going Hire thugs hire
61,starbucks,I 100.00 Starbucks giftcards anyone wants 're Two Californ
62,starbucks,I downloaded Mariah Carey 's Christmas album amp I 'm Starbucks chihuahua Louis Vuitton bag making
63,starbucks,One time customer Starbucks asked help text girl really liked could ask He asked
64,starbucks,oh thats fair starbucks expensive shit lol I also like juices lot I tend get tho
65,starbucks,One time customer Starbucks asked help text girl really liked could ask He asked
66,starbucks,Is Starbucks open between-semester break
67,starbucks,none ever come way starbucks said hold coffee handed drink labeled milk
68,starbucks,I addicted strawberry lemonade Starbucks
69,starbucks,tweeted jonah standing next starbucks digging bags find
70,starbucks,I downloaded Mariah Carey 's Christmas album amp I 'm Starbucks chihuahua Louis Vuitton bag mak
71,starbucks,Gave bumper stickers baristas Starbucks The kids love
72,starbucks,One time customer Starbucks asked help text girl really liked could ask He asked
73,starbucks,im literally addicted starbucks
74,starbucks,I 100.00 Starbucks giftcards anyone wants 're Two Californ
75,starbucks,Brand new bonus episode dropped Detective Mario studio
76,starbucks,boy starbucks flirting hella hard
77,starbucks,There absolutely delightful human neon pink hair Starbucks way home today I n't catch
78,starbucks,The anti-police culture Starbucks needs end These men women risk lives every day keep us safe
79,starbucks,One time customer Starbucks asked help text girl really liked could ask He asked
80,starbucks,Looking score job Starbucks You 're luck Click link bio job description informat
81,starbucks,Police Officers REFUSED Service Starbucks
82,starbucks,I NEVER go COP hating Starbucks I know could care less white dude MN boycotting th
83,starbucks,What kind
84,starbucks,I done Starbucks
85,starbucks,If wondering still arrive ISAC Hyungwon still sipping Starbucks coffee Minhyuk telling
86,starbucks,Before secret warehouse lair villainous Starbucks CEO The punch-drunk boxers hooking The co
87,starbucks,If wondering still arrive ISAC Hyungwon still sipping Starbucks coffee Minhyuk telling
88,starbucks,A delicious holiday fave
89,starbucks,Just WE people going stop aggression I calling nationwide BOYCOTT Starbucks They refus
90,starbucks,I 100.00 Starbucks giftcards anyone wants 're Two Californ
91,starbucks,Was trump fan Sounds dumb enough
92,starbucks,I wonder remember much money conservatives c
93,starbucks,No thanks never bought Starbucks wo n't
94,starbucks,`` Do Starbucks card '' `` Do My Kohl 's Charge '' `` Do Dick 's ScoreCard '' `` Do AE
95,starbucks,starbucks takes forever make drinks
96,starbucks,Police Officers REFUSED Service Starbucks
97,starbucks,One time customer Starbucks asked help text girl really liked could ask He asked
98,starbucks,One time customer Starbucks asked help text girl really liked could ask He asked
99,starbucks,Police Officers REFUSED Service Starbucks
