Index,Keyword,Tweets
0,starbucks,Cops target Starbucks narrative oppression Starbucks hires unusually large proportion queer p
1,starbucks,starbucks b feel like lil slut lol yea gim two pumps
2,starbucks,Amazon CenturyLink Chevron Deere Delta Air Lines Eli Lilly FedEx Gannett General Motors Goodyear Honeywell JetBlue MGM R
3,starbucks,If ever needed headline describe decade came wire
4,starbucks,ilya Kovalchuk Starbucks Ilya whispering agent cold brew Agent ok 1 cold brew Ilya whisper agen
5,starbucks,Amazon Murphy Energy U.S. Steel Fedex Netflix Chevron Honeywell GM Gannett CenturyLink DuPoint Prudential Avis JetBlue Eli Lilly
6,starbucks,I Starbucks employee Starbucks getting banned I wil
7,starbucks,GOD I missed hours gone fam
8,starbucks,I slut Starbucks
9,starbucks,The voiceover lady announcements Ralph says caramel like Hair Metal I swear said Stop
10,starbucks,Amazon Murphy Energy U.S. Steel Fedex Netflix Chevron Honeywell GM Gannett CenturyLink DuPoint Prudential Avis JetBlue Eli Lilly
11,starbucks,ilya Kovalchuk Starbucks Ilya whispering agent cold brew Agent ok 1 cold brew Ilya whisper agen
12,starbucks,Amazon Murphy Energy U.S. Steel Fedex Netflix Chevron Honeywell GM Gannett CenturyLink DuPoint Prudential Avis JetBlue Eli Lilly
13,starbucks,Numpties ... bahahahaha win internet today Here bouquet chocolates
14,starbucks,Amazon Murphy Energy U.S. Steel Fedex Netflix Chevron Honeywell GM Gannett CenturyLink DuPoint Prudential Avis JetBlue Eli Lilly
15,starbucks,PSA YUCHAN HAS USED HIS STARBUCKS CARD SO 3/5 MEMBERS HAVE USED THEIR CARDS YASSS BABIES I LOVE YOU SO MUCH
16,starbucks,Last week said Starbucks shares would get energy boost With SBUX nearly 3 since call
17,starbucks,starbucks b feel like lil slut lol yea gim two pumps
18,starbucks,I n't like Starbucks coffee damn model u guess tastes c
19,starbucks,starbucks b feel like lil slut lol yea gim two pumps
20,starbucks,Amazon Murphy Energy U.S. Steel Fedex Netflix Chevron Honeywell GM Gannett CenturyLink DuPoint Prudential Avis JetBlue Eli Lilly
21,starbucks,Lmaooo live dumbest possible timelines
22,starbucks,Amazon Murphy Energy U.S. Steel Fedex Netflix Chevron Honeywell GM Gannett CenturyLink DuPoint Prudential Avis JetBlue Eli Lilly
23,starbucks,Starbucks coffee tastes like mud And anyone asks yes I still gon na drink
24,starbucks,Never product Starbucks 37 years Difficult close friend amp niece working
25,starbucks,Today therapist taught anger management exercises thinks fact I let TicTok video teenag
26,starbucks,Today therapist taught anger management exercises thinks fact I let TicTok video teenag
27,starbucks,Amazon Murphy Energy U.S. Steel Fedex Netflix Chevron Honeywell GM Gannett CenturyLink DuPoint Prudential Avis JetBlue Eli Lilly
28,starbucks,Amazon Murphy Energy U.S. Steel Fedex Netflix Chevron Honeywell GM Gannett CenturyLink DuPoint Prudential Avis JetBlue Eli Lilly
29,starbucks,starbucks b feel like lil slut lol yea gim two pumps
30,starbucks,Amazon Netflix General Motors Chevron Starbucks 86 corporations paid less federal income taxes
31,starbucks,Amazon Netflix General Motors Chevron Starbucks 86 corporations paid less federal income taxes
32,starbucks,starbucks b feel like lil slut lol yea gim two pumps
33,starbucks,starbucks b feel like lil slut lol yea gim two pumps
34,starbucks,You use buy kinds gift cards Amazon Walmart Target Starbucks etc ... using
35,starbucks,starbucks b feel like lil slut lol yea gim two pumps
36,starbucks,Today therapist taught anger management exercises thinks fact I let TicTok video teenag
37,starbucks,Give 'em hell Bernie Bernie Sanders calls Amazon Netflix Starbucks companies paid 0 federal income tax
38,starbucks,Water Starbucks hits different
39,starbucks,gives shit starbucks guy firing employees saying merry christmas politics kumbayah circle
40,starbucks,Amazon Murphy Energy U.S. Steel Fedex Netflix Chevron Honeywell GM Gannett CenturyLink DuPoint Prudential Avis JetBlue Eli Lilly
41,starbucks,Give 'em hell Bernie Bernie Sanders calls Amazon Netflix Starbucks companies paid 0 federal income tax
42,starbucks,Starbucks playing Ivy Frank Ocean EARFQUAKE Tyler For Starbucks rare dubs playlist
43,starbucks,Today therapist taught anger management exercises thinks fact I let TicTok video teenag
44,starbucks,starbucks b feel like lil slut lol yea gim two pumps
45,starbucks,Cops target Starbucks narrative oppression Starbucks hires unusually large proportion queer p
46,starbucks,Cops target Starbucks narrative oppression Starbucks hires unusually large proportion queer p
47,starbucks,Amazon Murphy Energy U.S. Steel Fedex Netflix Chevron Honeywell GM Gannett CenturyLink DuPoint Prudential Avis JetBlue Eli Lilly
48,starbucks,mf starbucks morning talking 're going civil war cuz democrats tryin
49,starbucks,Cops target Starbucks narrative oppression Starbucks hires unusually large proportion queer p
50,starbucks,Unacceptable employee spending time dancing bathroom APRON making TIKTOKS I w
51,starbucks,Again
52,starbucks,Amazon Murphy Energy U.S. Steel Fedex Netflix Chevron Honeywell GM Gannett CenturyLink DuPoint Prudential Avis JetBlue Eli Lilly
53,starbucks,Cops target Starbucks narrative oppression Starbucks hires unusually large proportion queer p
54,starbucks,Call liar nobody much money buy Starbucks
55,starbucks,kills starbucks fucking idea whether 's employee 's anon account could anyone yet
56,starbucks,starbucks b feel like lil slut lol yea gim two pumps
57,starbucks,The hyper focus Starbucks cups every year one potent symbols inanity Christian persecu
58,starbucks,Amazon Netflix General Motors Chevron Starbucks 86 corporations paid less federal income taxes
59,starbucks,Ok toasted white chocolate bullshit Starbucks fuckin delicious
60,starbucks,Cops target Starbucks narrative oppression Starbucks hires unusually large proportion queer p
61,starbucks,starbucks b feel like lil slut lol yea gim two pumps
62,starbucks,I would go starbucks everyday see
63,starbucks,Seeing reports I work Starbucks meme Totally untrue got mail https
64,starbucks,Cops target Starbucks narrative oppression Starbucks hires unusually large proportion queer p
65,starbucks,That adorable Hopefully spiked
66,starbucks,All get Starbucks apologies COP-HATING This third time week They closed
67,starbucks,Amazon Netflix General Motors Chevron Starbucks 86 corporations paid less federal income taxes
68,starbucks,Amazon Murphy Energy U.S. Steel Fedex Netflix Chevron Honeywell GM Gannett CenturyLink DuPoint Prudential Avis JetBlue Eli Lilly
69,starbucks,ilya Kovalchuk Starbucks Ilya whispering agent cold brew Agent ok 1 cold brew Ilya whisper agen
70,starbucks,Leftist Bigotry Again Display Riverside County California uniformed sheriff 's deputies denied service Star
71,starbucks,In sixth grade I asked Starbucks lady frappuccino asked name I said meryam
72,starbucks,Amazon CenturyLink Chevron Deere Delta Air Lines Eli Lilly FedEx Gannett General Motors Goodyear Honeywell JetBlue MGM R
73,starbucks,Amazon CenturyLink Chevron Deere Delta Air Lines Eli Lilly FedEx Gannett General Motors Goodyear Honeywell JetBlue MGM R
74,starbucks,Amazon Murphy Energy U.S. Steel Fedex Netflix Chevron Honeywell GM Gannett CenturyLink DuPoint Prudential Avis JetBlue Eli Lilly
75,starbucks,Amazon Murphy Energy U.S. Steel Fedex Netflix Chevron Honeywell GM Gannett CenturyLink DuPoint Prudential Avis JetBlue Eli Lilly
76,starbucks,Today therapist taught anger management exercises thinks fact I let TicTok video teenag
77,starbucks,manage starbucks piss trash everyday
78,starbucks,This 100 true It company policy add edible marijuana food ordered children Conserv
79,starbucks,Lily blanket pics temmie Michael raspberry pis arduinos drones FPGA turtle
80,starbucks,This 100 true It company policy add edible marijuana food ordered children Conserv
81,starbucks,starbucks b feel like lil slut lol yea gim two pumps
82,starbucks,Seeing reports I work Starbucks meme Totally untrue got mail https
83,starbucks,starbucks b feel like lil slut lol yea gim two pumps
84,starbucks,Seeing reports I work Starbucks meme Totally untrue got mail https
85,starbucks,A coffee place near work MUST Thank gosh Starbucks everywhere
86,starbucks,Goddammit I know ice caps melting amp y'all town also shrinking Sta
87,starbucks,Amazon CenturyLink Chevron Deere Delta Air Lines Eli Lilly FedEx Gannett General Motors Goodyear Honeywell JetBlue MGM R
88,starbucks,Cops target Starbucks narrative oppression Starbucks hires unusually large proportion queer p
89,starbucks,starbucks b feel like lil slut lol yea gim two pumps
90,starbucks,Amazon Netflix General Motors Chevron Starbucks 86 corporations paid less federal income taxes
91,starbucks,Amazon Netflix General Motors Chevron Starbucks 86 corporations paid less federal income taxes
92,starbucks,Amazon Murphy Energy U.S. Steel Fedex Netflix Chevron Honeywell GM Gannett CenturyLink DuPoint Prudential Avis JetBlue Eli Lilly
93,starbucks,The appropriate response Starbucks place employees paid administrative leave pending outcome
94,starbucks,Amazon Murphy Energy U.S. Steel Fedex Netflix Chevron Honeywell GM Gannett CenturyLink DuPoint Prudential Avis JetBlue Eli Lilly
95,starbucks,This 100 true It company policy add edible marijuana food ordered children Conserv
96,starbucks,Cops target Starbucks narrative oppression Starbucks hires unusually large proportion queer p
97,starbucks,Amazon Murphy Energy U.S. Steel Fedex Netflix Chevron Honeywell GM Gannett CenturyLink DuPoint Prudential Avis JetBlue Eli Lilly
98,starbucks,starbucks b feel like lil slut lol yea gim two pumps
99,starbucks,Amazon CenturyLink Chevron Deere Delta Air Lines Eli Lilly FedEx Gannett General Motors Goodyear Honeywell JetBlue MGM R
