Index,Keyword,Tweets

0,disney,Yo props person created logo I KNOW Disney renews makes show casts go

1,disney,Is Disney Plus Please say yes I get right

2,disney,This right `` These missteps combined Disney employees often baffling decisions battle dissatisfied fans media

3,disney,mom mad I wo n't give show I know get s4 I 'll happy I n't give

4,disney,"Today begins GSF Snowball Express Over 1000 Gold Star Children travel surviving parent guardian 1,75"

5,disney,Disney+

6,disney,A quick sketch Anne I still wait trailer come DISNEY SAVE ANNE

7,disney,Left trans non-binary characters anime Right trans non-binary characters Disney/Pixar titles animated

8,disney,still open sharing disney+ passwords

9,disney,DISNEY SAVE ANNE

10,disney,rrly kindred spirits DISNEY SAVE ANNE

11,disney,There 's someone would like meet DISNEY SAVE ANNE

12,disney,SHOUT OUT TO ALL THE CANADIAN AND BRAZILIAN ANNE WITH AN E FANS DISNEY SAVE ANNE https//

13,disney,Yeah idk needs hear I literally crushes male actors Disney channel 3rd grade

14,disney,Is Disney making live action version Starfox

15,disney,good night everyone let 's continue fight tomorrow DISNEY SAVE ANNE

16,disney,It 's even clearer 've ever Hallmark store It 's basically Chris

17,disney,I mad Disney+

18,disney,Omg favorite childhood game This Disney Monopoly

19,disney,Someone accidentally logged work account They need gone head

20,disney,I really wish Disney n't Marvel characters I really love Blade Punisher Ghost R

21,disney,watching disney movies feeling greatest

22,disney,joy disney princesses thread

23,disney,Do remember Disney TV Program `` Art Attack '' This Yuzu 's version Thanks Linda gave permission use h

24,disney,Jokin bout dis cancer gon na catch mmmmm Aye free disney tho

25,disney,I mad Disney+

26,disney,Put Brandy Mr.Whiskers Disney Plus

27,disney,Yo smash head slate already gon na End suffering

28,disney,I mad Disney+

29,disney,This They mostly telling us want hear Disney tries 's best make people happy 's important

30,disney,post photo 3 characters like let people decide character suits DISNEY SAVE AN

31,disney,I mad Disney+

32,disney,I mad Disney+

33,disney,'Frozen 2 Disney 's sixth billion dollar movie 2019 see

34,disney,Disney prince

35,disney,I really happy see fandom still fighting get show back It gives hope thank DISNE

36,disney,Disney channel eras defined singing teens star shows adults cast

37,disney,DISNEY SAVE ANNE pleasee

38,disney,I mad Disney+

39,disney,I realized DISNEY SAVE ANNE

40,disney,Disney sued local labor union failing pay living wage A lot workers live

41,disney,I mad Disney+

42,disney,I hope never lose sight one thing started mouse Walt Disney You sor

43,disney,In B-movie classics review Disney Goes Dark In Its First PG Film

44,disney,anne merida u think DISNEY SAVE ANNE

45,disney,I mad Disney+

46,disney,I mad Disney+

47,disney,Disney+ debut late March France exclusive deal Canal+ Walt Disney Co launch Disney+ streami

48,disney,Im Disney weekend I needed escape

49,disney,I mad Disney+

50,disney,I heard scouting -I 18 graduated HS -I 'm latinx -I 'm currently taking acting c

51,disney,I mad Disney+

52,disney,SHOUT OUT TO ALL THE CANADIAN AND BRAZILIAN ANNE WITH AN E FANS DISNEY SAVE ANNE https//

53,disney,DISNEY SW

54,disney,I mad Disney+

55,disney,I mad Disney+

56,disney,HELP PLEASE Please help donating AWAE If money ends used get refund

57,disney,Netflix amp CBC yall stop already Us DISNEY SAVE ANNE

58,disney,The speeder bikes awesome I wish ride Disney

59,disney,Um ... happened Baby Yoda twitter Did Disney shut

60,disney,life derek disney+

61,disney,I Disney tweets

62,disney,The anniversary The anniversary Kuzco anniversary date especially celebrate Kuzco Kuzco anniversary Happy Anni

63,disney,JCPenney sells Disney store exclusive stuff Disney store inside

64,disney,Simon JV making fun listening Disney 2 songs please good

65,disney,Favorite Disney+ Original series

66,disney,gilly boy anne rejected ruins DISNEY SAVE ANNE

67,disney,You wo n't far Disney World 's Animal Kingdom stay family-friendly

68,disney,I mad Disney+

69,disney,Hollywood Disney World nothing Royal Navy

70,disney,Disney+ debut late March France exclusive deal Canal+ DIS

71,disney,It still n't make sense Disney n't Ewan McGregor appear ghost Obi-Wan Last Jedi since h

72,disney,f*ck Netflix CBC goodnight Disney+ Disney+

73,disney,joins billion-dollar club along Disney 's five films year The film garnered 1 bi

74,disney,DISNEY IS CONSIDEREING RENEWING MARVEL SHOWS ONTO DISNEY+ YALL NEED TO MAKE SOME NOISE AND LET THEM KNOW WE WANT

75,disney,I mad Disney+

76,disney,So I talked someone customer service Disney I may wrong I got ar

77,disney,omg keep watching special announcement cloak amp dagger runaways cast new show

78,disney,I mad Disney+

79,disney,I love scrolling trending DISNEY SAVE ANNE posts seeing multiple languages This show really brings

80,disney,See Orlando offer besides Disney World

81,disney,case ever get asked say hi jaycie watching disney channel practice regularly

82,disney,ah yes morgana DISNEY SAVE ANNE

83,disney,

84,disney,`` Kindred Spirits scarse used think It 's splendid find many WORL

85,disney,DISNEY SAVE ANNE pleasee

86,disney,trying get renewed disney+

87,disney,Pleaseee I rrly want show back pleaseeee DISNEY SAVE ANNE

88,disney,Here propaganda channel sponsors They tagged receive notifications every LIKE/RETWEET/COMMENT

89,disney,The anniversary The anniversary Kuzco anniversary date especially celebrate Kuzco Kuzco anniversary Happy Anni

90,disney,ok finally im seeing anne e disney edits ... keep coming please ... looks cute DISNEY SAVE AN

91,disney,Disney CEO Bob Iger 's pay 65.6 million Disney workers Living cars When consider grotesque inequali

92,disney,I mad Disney+

93,disney,appears finally took austin disney ... ... end must close

94,disney,YOUR MIND We DISNEY SAVE ANNE

95,disney,I mad Disney+

96,disney,YALL IVE BEEN PRAYING FOR DISNEY PLUS ONLY TO FIND OUT WEVE HAD IT SINCE IT CAME OUT WTFFFF

97,disney,

98,disney,It nice meeting Disney World last week Patricia

99,disney,The anniversary The anniversary Kuzco anniversary date especially celebrate Kuzco Kuzco anniversary Happy Ann0,disney,Yo props person created logo I KNOW Disney renews makes show casts go
