Index,Keyword,Tweets

0,disney,My family cute keep talking excited nicks first time going Disney

1,disney,Adapt Die Why 2020 Will Be All About Entertainment New Streaming Battleground long read

2,disney,disney must tired oscar fighting rights EVERY SINGLE DAMN DAY

3,disney,The fairest Mini Backpack This forbidden fruit available site Shop Snow White Collection ht

4,disney,If Disney n't fuck Lucas Star Wars ass hard enough already Luke Disney brought

5,disney,`` All dreams come true courage pursue '' -- Walt Disney KISSES EBegin

6,disney,Oprah Naomi Campbell involved sex trafficking Disney involved well Walt Disney evil come

7,disney,They helped watch uk I guess Disney n't want money

8,disney,Chapter 6 show `` The Mandalorian '' released today Disney+ Congrats Rick Famuyiwa killer job directing

9,disney,Update get Disney+ get Hulu well ... I think I 'm switching I 'm poor

10,disney,One two new pieces I 2020 International Festival Arts I Friday Feb 7-Tuesday Fe

11,disney,He ready party

12,disney,Baby Yoda eating Disney Parks snacks You welcome

13,disney,Baby Yoda eating Disney Parks snacks You welcome

14,disney,Henry service dog time life Disney Animal Kingdom kinghenryofnashville IG

15,disney,Baby Yoda eating Disney Parks snacks You welcome

16,disney,Wow Disney incredible You 've released 5 movies one year grossed 1 Billion Dollars

17,disney,Yes today I supper bitter angry like I yesterday It probably DISNEY SAVE ANNE trend

18,disney,Hello everyone Here 's latest movie review Star Wars Episode VII The Force Awakens 2015

19,disney,In Trump continued quest every Disney villain rolled one

20,disney,need Disney Princess wins back labour heartlands

21,disney,I received confirmation source GEORGE LUCAS WAS NOT INVITED TO THE RISE OF SKYWALKER PREMIERE BY DISNEY This

22,disney,Henry service dog time life Disney Animal Kingdom kinghenryofnashville IG

23,disney,ANNNND SHE S DONE Anne Disney Princess I HOPE YOU LIKE IT DISNEY SAVE ANN

24,disney,Baby Yoda eating Disney Parks snacks You welcome

25,disney,Baby Yoda eating Disney Parks snacks You welcome

26,disney,9 The Muppet Christmas Carol 1992 Directed Brian Henson starring

27,disney,Henry service dog time life Disney Animal Kingdom kinghenryofnashville IG

28,disney,Baby Yoda eating Disney Parks snacks You welcome

29,disney,Ian amp Barley quest spend one day dad beginneth March 6 theatres Watch new trailer Disney

30,disney,Someone give Disney+ I binge watch Star Wars movies

31,disney,Henry service dog time life Disney Animal Kingdom kinghenryofnashville IG

32,disney,Thanks Disney+ I 'm find shot Mr. Burns

33,disney,flight 1049 2.5 hours get bags No westjet rep Then herded room like cattle group

34,disney,AKB48 TeamSH Shen Ying Disney Princess Shen Ying

35,disney,After hearing leaks actually true Rey chosen one instead Anakin

36,disney,Baby Yoda eating Disney Parks snacks You welcome

37,disney,Henry service dog time life Disney Animal Kingdom kinghenryofnashville IG

38,disney,Dalian city Liaoning province announced award-winning city logo The design bold By bold I mean cour

39,disney,I want go disney SO BAD I wan na disneybound outfits meet princesses take cute pics go

40,disney,Baby Yoda eating Disney Parks snacks You welcome

41,disney,Baby Yoda eating Disney Parks snacks You welcome

42,disney,We never knew Mini Backpack could beautiful RT agree Shop New Collection

43,disney,All plese DISNEY SAVE ANNE

44,disney,You ruined Star Wars narrative good potential life lesson many generations come

45,disney,Henry service dog time life Disney Animal Kingdom kinghenryofnashville IG

46,disney,Can please get 2nd movie Big Hero 6 next Disney

47,disney,Baby Yoda eating Disney Parks snacks You welcome

48,disney,Which Disney Parks Color Collection favorite We 're currently obsessed

49,disney,Although word yet future holds Percy Jackson I assure feedback

50,disney,Check 2017 Mickey Mouse Steamboat Willie Silver Coin via

51,disney,I mad Disney+

52,disney,Baby Yoda eating Disney Parks snacks You welcome

53,disney,Henry service dog time life Disney Animal Kingdom kinghenryofnashville IG

54,disney,Baby Yoda eating Disney Parks snacks You welcome

55,disney,Vintage Disney Christmas Cartoons via

56,disney,Henry service dog time life Disney Animal Kingdom kinghenryofnashville IG

57,disney,disney must tired oscar fighting rights EVERY SINGLE DAMN DAY

58,disney,Baby Yoda eating Disney Parks snacks You welcome

59,disney,Check Set 6 Characters Disney Muppet Babies 2.5-inch Character Figures via

60,disney,Dalian city Liaoning province announced award-winning city logo The design bold By bold I mean cour

61,disney,Harriet Tubman real black woman dealt slavery oppression A white woman would never able fully port

62,disney,Which Disney Parks Color Collection favorite We 're currently obsessed

63,disney,Y really made cartoon black family And decades went air 9 y/o loves Curren

64,disney,Ian amp Barley quest spend one day dad beginneth March 6 theatres Watch new trailer Disney

65,disney,Henry service dog time life Disney Animal Kingdom kinghenryofnashville IG

66,disney,Every day merry bright season Resort For magic

67,disney,This beautiful DISNEY SAVE ANNE

68,disney,Ordinary Family moment

69,disney,Had good meetings Disney today Way early know anything might happen I keep At l

70,disney,Baby Yoda eating Disney Parks snacks You welcome

71,disney,1st time Disney land 4 us

72,disney,Harriet Tubman real black woman dealt slavery oppression A white woman would never able fully port

73,disney,Ordinary Family moment

74,disney,disney must tired oscar fighting rights EVERY SINGLE DAMN DAY

75,disney,Henry service dog time life Disney Animal Kingdom kinghenryofnashville IG

76,disney,Baby Yoda eating Disney Parks snacks You welcome

77,disney,If Disney gave us whole series Vader leading eventually destroying inquisition I would happy

78,disney,One final adventure One final world premiere Check photos world premiere Don

79,disney,INFO Joy 's `` Zimzalabim '' Facecam reached 1 million views Disney Princess Joy

80,disney,We never knew Mini Backpack could beautiful RT agree Shop New Collection

81,disney,Henry service dog time life Disney Animal Kingdom kinghenryofnashville IG

82,disney,Baby Yoda eating Disney Parks snacks You welcome

83,disney,Oh also I supposed say something nice already know I love boo

84,disney,Henry service dog time life Disney Animal Kingdom kinghenryofnashville IG

85,disney,"Actor Gary Sinise brought 1,750 family members fallen soldiers Disney World"

86,disney,new pjs I bed goodnight twitter x

87,disney,Disney CEO Bob Iger clarified future Star Wars trilogies question

88,disney,None cousins allowed watch They even went Disney boycott

89,disney,I initially uncertain whether George Lucas skipped premiere invited message source co

90,disney,Lol yeah mitochondria powerhouse cell shouldnt schools hav taught us pay taxes use c

91,disney,One thing I want make PERFECTLY CLEAR If like The Rise Skywalker means I hope enjoy hell

92,disney,Baby Yoda eating Disney Parks snacks You welcome

93,disney,Henry service dog time life Disney Animal Kingdom kinghenryofnashville IG

94,disney,`` All dreams come true courage pursue '' -- Walt Disney KISSES EBegin

95,disney,TFA definitely best Disney Star Wars movies though also likes Rogue One I thought T

96,disney,Henry service dog time life Disney Animal Kingdom kinghenryofnashville IG

97,disney,Hehe okay I gon na brainstorm Combining Disney flowers 10/10

98,disney,One Got ta Go Disney killing cinema There CGI Spider-Man movie guy stick walls Watch mo

99,disney,Let It Go Show Yourself I love Queen Elsa n't need king
