Index,Keyword,Tweets

0,disney,Yep I get You love Disney+ The Mandalorian Baby Yoda When last time bragged Jesus

1,disney,And 3 Disney+ catch

2,disney,The Epcot Operations team recently invited Stephen Nemeth World War II Navy Seaman First-Class take tour

3,disney,nah listen Disney Land fucking killing

4,disney,It important acknowledge Disney princesses

5,disney,WALL E winter wonderland

6,disney,top 4 saddest disney deaths ALL TIME

7,disney,This forcing family go Disney every single vacation

8,disney,Richard Cook flew Lolita Express Jeffrey Epstein February 2002 week became Chairman

9,disney,Mickey amp Minnie new outfits Disney 's Riviera Resort

10,disney,Wow real If dont think cronies put charge Star Wars IP hasnt ruined ...

11,disney,Me `` With money 're spending party probably use Disney World '' My sister

12,disney,disney amp star wars writers scrambling find female love interests finn amp poe finishing series

13,disney,Wan na see deep Disney 's homophobia

14,disney,You probably right I n't watched adult I Disney+ seeing old Fantastic Four I

15,disney,Hear High School Musical The Musical The Series stars amp today Radio Disney List

16,disney,Fun fact Disney pilled The Last Jedi Disney plus I wonder

17,disney,suho `` disney big bought marvel '' someone else *explains big disney is* n't clearly stated

18,disney,Edit You wrong Disney completely gave legacy lived hopef

19,disney,astrology chart plotted ssri 's taken soylent ingested disney+ caught twitter history scrubbed cbd enema absorbe

20,disney,Legends everything gt Disney anything

21,disney,Is Jingle way Disney plus

22,disney,Cast members Disney Parks Experiences Products opened workshops dressing rooms kitchens labs lo

23,disney,Just add list mistakes taken I loved Disney Star Wars I feel jaded I hate

24,disney,one loves peter pan fav disney movie

25,disney,I love Star Wars always always fooled positive early reviews Much like Last J

26,disney,If Chairman CEO teared watching Star Wars bet 're going

27,disney,On Giving Tuesday 're posting last giveaway year ... 's magical What giving away A

28,disney,They surround yesmen see money coming ne

29,disney,GUYS disney WANTS show need everyone help tweet ever It christmas break lot

30,disney,Trash ass movies since Disney took

31,disney,Kid-focused STEM device startup Kano sees layoffs puts Disney e-device ice

32,disney,Please give us fifth season please

33,disney,disney b like gon na make movie hispanic culture Have show audience white people

34,disney,An Avatar release sequel drops would reclaim Disney make sure

35,disney,The wait See theaters tonight Get tickets

36,disney,love cute princess disney movie playing backround work

37,disney,`` The things hold going lift '' Timothy Mouse Dumbo

38,disney,top 4 saddest disney deaths ALL TIME

39,disney,better

40,disney,We Disney+ watch nostalgic shows like Ducktales Darkwing Duck Marvel movies

41,disney,I 'll watching Return Jedi Christmas celebrating end George Lucas 's Star Wars Saga

42,disney,offense disney photos blowing actually sucks

43,disney,oscar isaac burned disney would simply look way

44,disney,Disney come get ur mans

45,disney,Oscar make finnpoe canon I 'll spend press tour saying much I wan na kill baby yoda Disney would n't dar

46,disney,Disney destroying 4B franchise mildly impressive takes true power evaporate 90.4T overnight

47,disney,offense disney photos blowing actually sucks

48,disney,Disney really young Christina Aguilera singing Toni Braxton like grown ass woman

49,disney,Aleiya likes Mickey Mouse club house Bluey fat ass bunnies Disney channel

50,disney,bf got scammed buying disney tickets offer lol A effort though POBESHITO

51,disney,For record I also think people get paid WAY jobs But n't

52,disney,Disney princesses sad

53,disney,oscar isaac burned disney would simply look way

54,disney,oscar isaac burned disney would simply look way

55,disney,Merlin cold cup cozy

56,disney,Well I like forced diversity clear feminist agenda taken center

57,disney,Corrupt US Judge Liam O Grady former Disney lawyer destroyed Megaupload without due process declared fugit

58,disney,Disney+ ... .. NyQuil cause ass sick asf hate

59,disney,I 'll leave

60,disney,Ho Ho Ho ... .Merry Christmas..

61,disney,Disney magical place I lost Nike Mickey hat three days ago I got email stating found

62,disney,Cast members Disney Parks Experiences Products opened workshops dressing rooms kitchens labs lo

63,disney,disney like gay characters romanctize abuse instead

64,disney,disney amp star wars writers scrambling find female love interests finn amp poe finishing series

65,disney,RT amp follow chance WIN Funko Shop Exclusive Tinker Bell Pop

66,disney,Disney Go Mules

67,disney,`` The things hold going lift '' Timothy Mouse Dumbo

68,disney,WALL E winter wonderland

69,disney,brand new star wars means inevitable discourse wanting better queer representation global juggernaut bill

70,disney,Disney calls The return Holiday Seating

71,disney,I find ironic `` Disney '' Star Wars It 's first time Disney `` fairy tale '' act

72,disney,oscar isaac burned disney would simply look way

73,disney,disney like gay characters romanctize abuse instead

74,disney,Hey.. Queen Of Kindness

75,disney,DF TRIFECTA THURSDAY EX

76,disney,3 I huge Star Wars fanboy I 've critical Disney direction 've taken Franchi

77,disney,WALL E winter wonderland

78,disney,Underrated Movie Underrated Cast Underrated Soundtrack A Goofy Move Blast song sing

79,disney,Alright tonight night family I theater watch newest addition Disney Star War

80,disney,Yeah never saw regular TV channel disney channel lot f

81,disney,Just continue well last Jedi could 've average film God dam Disney cocksuckers

82,disney,astrology chart plotted ssri 's taken soylent ingested disney+ caught twitter history scrubbed cbd enema absorbe

83,disney,Disney really young Christina Aguilera singing Toni Braxton like grown ass woman

84,disney,I feel like old PDC group team take Disney World 2021

85,disney,FUCK OFF Just fuck `` Makes history '' Disney fuck right They queerbait starve us representation

86,disney,Disney suing copyright whos gon na sue personal emotional damage

87,disney,Wall.e amp Eve forever

88,disney,Disney buys Star Wars Assumes old fans bag Caters SJWs Old fans leave Disney realise profitable Assum

89,disney,fact currently finalizing new offers 2020 rn means anne chance ... imagine requests fo

90,disney,oscar isaac burned disney would simply look way

91,disney,nah listen Disney Land fucking killing

92,disney,Millennium Falcon lcanniff benjamincairney waltdisneyworld Star Wars Gala

93,disney,oscar isaac burned disney would simply look way

94,disney,Disney CEO Reveals New Details Drunk Tom Holland 's Plea Save Spider-Man MCU via

95,disney,It important acknowledge Disney princesses

96,disney,oscar isaac burned disney would simply look way

97,disney,My kingdom Disney+ spinoff featuring character colour final trilogy deser

98,disney,oscar isaac burned disney would simply look way

99,disney,I trying find name amazing artist attended PAX 2012 drew pictures attendees