Index,Keyword,Tweets
0,apple,Hot sauce
1,apple,Bruh I used ladies B amp BW Apple shower gel amp sugar scrub I felt like A whole new muhphuqqah ... She screamin
2,apple,THEY ADDED JUICE WRLD SOUNDCLOUD SHIT ON APPLE MUSIC BRUH THIS MY 3rd FAVORITE SONG
3,apple,VOTING TUTORIAL 1 Download App IOS AOS 2 Cl
4,apple,As depicted film Casino Chicago Mobsters n't want West Coast `` employees '' side jobs Listen
5,apple,Happy Monday Do n't forget vote Bom daily 3 votes R amp B/HipHop category iphone ht
6,apple,AirDrop super underrated Easily one best pieces tech Apple created
7,apple,Yummy And I know cupcake split half someone going make pervert pervert comment absolu
8,apple,Go friends house store apple laptops ... ever since I jb checkr
9,apple,Christmas tree apple pie Yum
10,apple,AirDrop super underrated Easily one best pieces tech Apple created
11,apple,Maryann Brooklyn everyone I wanted give special thanks I making apple pie cupcakes ci
12,apple,got bored apple store doodled
13,apple,Apple
14,apple,Eat like apple pie make wan na die
15,apple,Apple Watch
16,apple,AirDrop super underrated Easily one best pieces tech Apple created
17,apple,AirDrop super underrated Easily one best pieces tech Apple created
18,apple,Support support
19,apple,Also brother sister-in-law got Apple Watch bday prepare text whole
20,apple,AirDrop super underrated Easily one best pieces tech Apple created
21,apple,lt GOLDEN DISC AWARDS gt ATINY Let keep voting ATEEZ Most Popular Artist Download TikTok tap either
22,apple,BILPIN Sam Ramaci famous parts apple pies ... overnight unstoppable fire dest
23,apple,Why Motion Sickness Apple Music
24,apple,AirDrop super underrated Easily one best pieces tech Apple created
25,apple,AirDrop super underrated Easily one best pieces tech Apple created
26,apple,Yummy And I know cupcake split half someone going make pervert pervert comment absolu
27,apple,Please
28,apple,It funny Over last years I listen 12 Days Pods Eric Jeff excited time
29,apple,Bruh I used ladies B amp BW Apple shower gel amp sugar scrub I felt like A whole new muhphuqqah ... She screamin
30,apple,Just dropped song Apple Music Spotify Fw kid
31,apple,11k views less 24hrs Expecting widespread effect ASAP launch Let unceasingly stream
32,apple,AirDrop super underrated Easily one best pieces tech Apple created
33,apple,AirDrop super underrated Easily one best pieces tech Apple created
34,apple,found apple guys
35,apple,Bruh I used ladies B amp BW Apple shower gel amp sugar scrub I felt like A whole new muhphuqqah ... She screamin
36,apple,U see first.. extinguishing ... Look video logically hear saying
37,apple,AirDrop super underrated Easily one best pieces tech Apple created
38,apple,I really enjoying I wan na read book
39,apple,Watch good lil boy turn cold nigga He ready die show em widdit
40,apple,New episode singular 74o Andrew talks dramatic four bet hand ag
41,apple,SMA VOTING RESET Get 3 voting tickets vote KWAVE Fighting end Install App iOS http
42,apple,Neeeeded ricolasss
43,apple,Apple iPad Pro Smart Folio best damn keyboard go
44,apple,AirDrop super underrated Easily one best pieces tech Apple created
45,apple,Hot Sauce
46,apple,Hey Download Latest TeenPatti game town Install amp enter referral code 89303696 us get
47,apple,TUTORIAL STAYs Here 's tutorial download vote Seoul Music Awards App 1 Download app And
48,apple,lt Seoul Music Awards gt ATINY win ROTY together Let get ATEEZ third place Download
49,apple,forget coming another new phone Apple really needs let leave video voicemail people
50,apple,Happy
51,apple,Then 's even usable product
52,apple,Journalists spotted around five masked men carrying wooden hiking sticks near Shatin MTR Station They answer w
53,apple,Hot Sauce
54,apple,TUTORIAL STAYs Here 's tutorial download vote Seoul Music Awards App 1 Download app And
55,apple,Not good
56,apple,Emily Thornberry furiously denies branding northern Brexit voters 'stupid 'consults lawyers ousted Caroline Flin
57,apple,Great anti-ad response
58,apple,It funny Over last years I listen 12 Days Pods Eric Jeff excited tha
59,apple,AirDrop super underrated Easily one best pieces tech Apple created
60,apple,We crown Apple shots
61,apple,apple 1000 fans im apple one fan im one fan apple fans guess im dead lol
62,apple,PHOTO/191216 2020 ISAC They gave ABNEWs sandwich apple juice Donghyun handwritten `` Let 's
63,apple,lt GOLDEN DISC AWARDS gt ATINY Let keep voting ATEEZ Most Popular Artist Download TikTok tap either
64,apple,'Make It Right entered top 30 US Pop Radio week reaching new peak This BTS 3rd song achiev
65,apple,As others get business 's need know
66,apple,Bruh I used ladies B amp BW Apple shower gel amp sugar scrub I felt like A whole new muhphuqqah ... She screamin
67,apple,High1 Seoul Music Awards We midnight change voting mechanics.Lets get top four
68,apple,Delete account
69,apple,BEST SONG EVER Out Apple Music Spotify Music Video
70,apple,Ok guys ok admit solid 9/10 album
71,apple,I deleted R. Kelly music I Apple Music library I created Christmas playlist accidentally
72,apple,AirDrop super underrated Easily one best pieces tech Apple created
73,apple,Chewie theater I got sit next exchanged giddy smiles previews Brady
74,apple,When NOT Take Apple Cider Vinegar ACV
75,apple,When NOT Take Apple Cider Vinegar ACV
76,apple,big apple THE big apple
77,apple,"GDA Popularity Award 1 1,177,124 2 479,889 GAP 697,235 Use link wor"
78,apple,Leah I want apple piece Me okay *holds apple piece* Leah deciding lick elbow instead I n't want
79,apple,Possible ...
80,apple,12 years old pouring apple juice cup pretending alcohol
81,apple,Bruh I used ladies B amp BW Apple shower gel amp sugar scrub I felt like A whole new muhphuqqah ... She screamin
82,apple,Let 's take deep breath realize fights 's nothing results
83,apple,Bruh I used ladies B amp BW Apple shower gel amp sugar scrub I felt like A whole new muhphuqqah ... She screamin
84,apple,The Hindu Explains What main concerns Amazon Google Facebook Apple
85,apple,I beauty queen I jus beautiful
86,apple,APPLE
87,apple,Baby boy love candy apple
88,apple,Golden Disk Awards We currently 13th place GDA Download TikTok use either links vote
89,apple,I eagle bird
90,apple,High1 Seoul Music Awards We midnight change voting mechanics.Lets get top four
91,apple,They said defense '' invalid choice first kick Then finally said def
92,apple,Decarceration Nation available wherever listen podcasts subscribe iTunes leave review today
93,apple,AirDrop super underrated Easily one best pieces tech Apple created
94,apple,
95,apple,C'mon hypocrite game banned contains https//
96,apple,Check colours Does anyone else make homemade Cranberry Apple Cider Trust good
97,apple,lt Seoul Music Awards gt ATINY given chance give ATEEZ ROTY right Log many account
98,apple,Also brother sister-in-law got Apple Watch bday prepare text wh
99,apple,pls play
