Index,Keyword,Tweets
0,apple,Do want free easy way keep week 's impeachment proceedings find local protests near
1,apple,Adapt Die Why 2020 Will Be All About Entertainment New Streaming Battleground long read
2,apple,Rick Gates sentenced 45 days jail Mueller cooperation
3,apple,Miss music like
4,apple,Might get crazy use Apple Music surfing web
5,apple,Woorise Giveaway Win pair Apple AirPods Pro
6,apple,applebee waiter would like order jeongin take apple waiter actually sell apples je
7,apple,San Diego accumulated 2.5B VC funding 2018 Main attractions- life sciences biotech businesses SD 's nas
8,apple,I sugar 're fiendin sweet spot put mouth baby eat 'til teeth rot
9,apple,Have listened episode Winner Winner Podcast yet Listen platform YouTube
10,apple,Apple Music Top Albums __ South Korea The Dream Chapter STAR EP +45
11,apple,Full audio available
12,apple,Immigrants children founded 45 America 's Fortune 500 companies including Apple Google
13,apple,APPLE check new foo fighters video ME good APPLE shot iphone 11 ME *shaking wife* holy shit babe wake
14,apple,Apple Music free I fucking iPhone
15,apple,The apple n't fall far tree..
16,apple,Apple Music Top Albums __ South Korea The Dream Chapter STAR EP +45
17,apple,Y I guest podcast fun time talking things Bravo If go
18,apple,Use playlists focused new album amp let 's increase digital points YT Playlist h
19,apple,Sweet made best 100 songs Year Apple Music Africa
20,apple,Apple Music free I fucking iPhone
21,apple,The Saints good defense Eli Apple
22,apple,Some sad songs pls
23,apple,We obsessed 's new album Comment fav track
24,apple,Mossberg Tim Cook Apple great decade new blockbusters via
25,apple,applebee waiter would like order jeongin take apple waiter actually sell apples je
26,apple,SPOTIFY NETFLIX APPLE MUSIC APLIKASI FULLPACK LEGAL ready stock payment via ovo/dana/xl +5k jual jualan
27,apple,For keeping track home Microsoft 's browser pretends Google 's browser pretends Apple 's
28,apple,Kworb Charts 2019/12/17 Worldwide iTunes Album Chart Harry Styles Fine Line 5th day Worldwide Apple Mu
29,apple,Yea I know apple podcasts Spotify miss
30,apple,The key remembering every ThunderBolt 3 port pair one Thunderbolt 3 bus Apple calls operated
31,apple,Apple kale cucumber juice
32,apple,Taking money mil children families border wall continually pissing
33,apple,SMA VOTING RESET Get 3 voting tickets vote MAIN AWARD Fighting end Install App iOS
34,apple,People share good music important ...
35,apple,I 'm little late highly recommend interview Elizabeth Warren The Daily Bit slow start
36,apple,Don act like forgot Watch short film
37,apple,harry spends 5th day row best selling artist worldwide combining itunes apple music spotify youtube h
38,apple,Baby Yu size apple Being 15 weeks pregnant hard like tiny baby bump
39,apple,That turtle neck bag different
40,apple,applebee waiter would like order jeongin take apple waiter actually sell apples
41,apple,dude ... cool Just dragged brother halfway across London midnight ticket th
42,apple,I think I 'll break bottle Boone 's Farm Apple MD 20/20
43,apple,Get cute jumper Let 's protect us Android IOS
44,apple,Alexa wont play apple music library playlists ... help
45,apple,NOOS NOT TINY DRUMPF `` You ca n't let happen ''
46,apple,Apple Music Top Albums __ South Korea The Dream Chapter STAR EP +45
47,apple,My top artists year according Apple Music 1 Kehlani 2 Tinashe 3 summer walker 4 Nao 5 Young Thug
48,apple,BLAST RADIO Pla
49,apple,Fine Line x
50,apple,phone load picture pls help
51,apple,victoria legrand sang OMG
52,apple,You never forget first Pok mon partner Share journey new Buddy Adventure feature
53,apple,The Space Force Will Become Sixth Branch U.S. Military Popular Mechanics
54,apple,The guy innocent Bevin really
55,apple,tfw trusting apple orchard
56,apple,This contrast like Udasi ph atam retai
57,apple,This known time madPOTUS
58,apple,For keeping track home Microsoft 's browser pretends Google 's browser pretends Apple 's
59,apple,Lemony Snicket 's A Series Unfortunate Events starring Jim Carrey turns 15 Your perfect holiday movie without
60,apple,By understand lily valley joy sang
61,apple,Had get Apple Music simply I HAD listen 's new music case anyone wonderin
62,apple,Out control President held accountable crime progress calls Presidency
63,apple,SMA VOTING RESET Get 3 voting tickets vote MAIN AWARD Fighting end Install App iOS
64,apple,Android TV vs Apple TV best platform TV right
65,apple,Are team Apple team Microsoft recently tested iPad Pro vs Surface Pro X Whichever devices use ke
66,apple,Big bro makes music speaks soul
67,apple,Sour apple baby taste sweet
68,apple,We obsessed 's new album Comment fav track
69,apple,Sent QDrops app 12-17-2019 170345 EST First indictment unseal trigger mass pop awakening Firs
70,apple,Saw manscape thingy supposedly Nick beanbag Sounds good true ... nice make pearl apple sack
71,apple,Ha Love headline
72,apple,Apple Google named US lawsuit Congolese child cobalt mining deaths
73,apple,"Hey Happy HolidaysI sending 350 9,500 first 200 people like amp retweet Comment cashapp goo"
74,apple,EP coming Apple Music I wait tesumole beat Dre O loud ju loud lo
75,apple,Song For Guy Elton John Find us Google Play Apple Store
76,apple,DAILY TO DO LIST Stream Sptfy Stream YT Like Cmnt Sub
77,apple,Look list leading virtue signalers Apple Google Tesla Microsoft amp Dell accused exploit
78,apple,tell guy fixing computer apple love want go brianhead w
79,apple,get flops
80,apple,Apple iPhone 11 Pro bested 250k video camera Obviously
81,apple,Coffee Apple cider KISSES EBegin
82,apple,I back Boris Johnson 's vision declares new Archbishop York ... thinks Church give land travellers
83,apple,*how internet changed way live normal human given new tools knowledge I previously
84,apple,ask spying
85,apple,For keeping track home Microsoft 's browser pretends Google 's browser pretends Apple 's
86,apple,Had get Apple Music simply I HAD listen 's new music case anyone wondering
87,apple,Links install SMA app iOS Android
88,apple,*how internet changed way live normal human given new tools knowledge I previously
89,apple,A helluva show We talking Star Wars Battles honor amp also
90,apple,VOTE EXO lost lead K-Wave category SMA Please use tickets vote EXO K-Wave based entirely
91,apple,Alexa wont play apple music library playlists ... help
92,apple,It gives great hope know girls fighting education ally Tim Cook I value personal dedicatio
93,apple,Apple Music Top Albums __ South Korea The Dream Chapter STAR EP +45
94,apple,Immigrants children founded 45 America 's Fortune 500 companies including Apple Google
95,apple,Greta Thunberg Is Showing Us All What It Might Look Like When New Generation Leads TIME
96,apple,Greetings Denver Thank Big Apple Weyou
97,apple,I got Apple TV I sell low
98,apple,Staged Are fucking serious People getting kidnapped sex trafficking organs
99,apple,Universal 7 Part Tool Kit Smartphone Repair Maintenance
