Index,Keyword,Tweets
0,apple,Pour distilled water lemon juice apple cider vinegar 'll fresh
1,apple,What 's time CHRISTMAS TIME Almost It 's also Day 11 12 Day Giveaway Today 's prize belter 749 Ap
2,apple,What odd apple
3,apple,I love Apple put message reactions really got ta respond back
4,apple,LISTEN Julie Anne San Jose rendition Nobela Spotify Apple Music
5,apple,What 's time CHRISTMAS TIME Almost It 's also Day 11 12 Day Giveaway Today 's prize belter 749 Ap
6,apple,B Sanders horror like coward Trump
7,apple,Apple Music free I fucking iPhone
8,apple,Christmas conga brilliant Listen
9,apple,Thank selecting artist year
10,apple,What need know Thursday 's 2020 Democratic presidential debate
11,apple,take macbook pro apple tell couldnt get computer turn leave
12,apple,Went shopping drew iPad apple store hire ill living advertisement
13,apple,Dare explore Spaces HEAR BOOST App
14,apple,Why Did Putin talk Ukraine President keep quiet
15,apple,This first time I seen blue Apple imma Retweet good luck
16,apple,Now Playing SpurRadio Blake Shelton Jesus Got Tight Grip Download SpurRadio App Google Play Store
17,apple,In case think partisan judges mattered ... 17M Americans could lose health coverage 50M people pre-exis
18,apple,FINALLY It sat year Thank House Approves Trump USMCA Deal
19,apple,Springtime Love air So MURDER The 10th Country Club Murder coming soon https/
20,apple,It seems everytime I talk product shows Facebook feed Not coincidence imagination
21,apple,"The S amp 500 broke 3,200 first time NASDAQ all-time high President policies w"
22,apple,Y well
23,apple,Surprising Them With Really Bad Christmas Gifts via I want Apple Watch
24,apple,"The S amp 500 broke 3,200 first time NASDAQ all-time high President policies w"
25,apple,Do n't miss `` Stage 3 Bravo '' Chosen 2019 New Apple eBook Awards `` Horror '' Solo Medalist Winner
26,apple,Dreams war Dreams lies Dreams dragons fire And baked apple pieee Sleep one eye open Grippin pillow tight
27,apple,A couple friends amp I run Apple Store heart Ikeja We sell brand new Apple devices individuals
28,apple,By law need flick wrist turn Apple Watch
29,apple,Fantastic podcast featuring Pearls academic grow
30,apple,Tusa- 1st song Lead female rapper reach top 10 Global Spotify HGS- 1st rap colloab reach Rolling Stone
31,apple,He needs Apple Maps FBI find wig sksksksjsisbs
32,apple,signature hair process coming Baltimore Samoan background
33,apple,I 'm loving energy yeah Loving energy girl Loving energy She run race Caught med
34,apple,U.S Senator Says iPhone Encryption Creates Safe Haven Criminals Vows Impose His Will Apple
35,apple,You 're already Apple might well stick ...
36,apple,Honey-Glazed German Apple Cake Tasty
37,apple,I sending 100- 2500 first 30 people like amp retweet comment DM Cash App Apple pay
38,apple,New new Jose 's still worried Ft We discuss Bourn
39,apple,From everyone Paper House hope safe happy holidays To celebrate holiday season Pape
40,apple,Republicans Ethics panel sanctions Rep. Cathy McMorris Rodgers misusing campaign funds The committee ordered h
41,apple,New podcast episode `` Early Care Attachment Conditioning '' Hear early care infancy early childhood
42,apple,My dad went got apple pie make feel better ... lol wasnt even really sad I take pie
43,apple,A congratulations All-Name All-Stars Subscribe ft Watc
44,apple,Why blog Mike says ...
45,apple,iTunes US Albums Lover +25
46,apple,SWITCH UP PART 2 OUT NOW
47,apple,Apple rlly want women get away everything
48,apple,Interesting things happened San Francisco banned facial recognition 1 Staff discovered made city-issued iP
49,apple,Surprising Them With Really Bad Christmas Gifts via I want Apple Watch Yasminluis
50,apple,shawty apple bottom jeans boots fur
51,apple,Quad Core i7 Apple MacBook Pro 15 '' Inch Intel Laptop 16GB RAM 2TB Hard Drive
52,apple,'Purple Haze 2 Apple Music already
53,apple,Listen Shaydee new Ep
54,apple,Headlines two mainstream Chinese printed Oriental Daily glorified 's visit
55,apple,I wish Apple Watch would tell quit eating like tells breathe stand
56,apple,U shelling monies
57,apple,HOPE YALL AINT FORGET ABOUT HOW FYE THIS TAPE WAS
58,apple,A congratulations All-Name All-Stars Subscribe ft Watc
59,apple,First Lady shares memories childhood led passion conservation memories Christ
60,apple,Herh `` If sleep aa sleep '' na 've made whole proud pure f
61,apple,take macbook pro apple tell couldnt get computer turn leave
62,apple,A couple friends amp I run Apple Store heart Ikeja We sell brand new Apple devices individuals
63,apple,Watching report smart phone tracking A senior defense department official tracked day And anyone
64,apple,A congratulations All-Name All-Stars Subscribe ft Watc
65,apple,House Approves Trump USMCA Deal The house change things Senators may approve end year https//
66,apple,Hey I listening VergeCast 2 weeks ago taking private protocols turne
67,apple,This first time I seen blue Apple imma Retweet good luck
68,apple,Is Apple alarms fail us last night
69,apple,Tobi said manage get Top 40 charts 'll release music next year We got ta make happen EVERYONE please
70,apple,`` Do n't bring shoes back '' Joakim Noah really hated LeBron like Listen
71,apple,I switched From Samsung Apple honestly iPhone 11 Dream phone
72,apple,The two agonizing apps resetting password Skype Apple ID Change mind
73,apple,I really love song
74,apple,I one uses SoundCloud Apple Music song like get wrong SoundC
75,apple,LEGEND
76,apple,This first time I seen blue Apple imma Retweet good luck
77,apple,Another thing inspiring iPad Pro It like Photoshop rebuilt around brush
78,apple,Apple Music free I fucking iPhone
79,apple,Apple Music hoes really took music phone
80,apple,Head Reading Terminal Sunday grab roast pork italian Dinic th
81,apple,TEE SBFIVE Lyric ver YouTube Star Hunter Studio Avail
82,apple,young thug replace version ecstasy one mgk feature Apple Music never forgive
83,apple,EP050 The Bomb These Sounds Fall Into My Mind JAYDVL Remix White Label
84,apple,yeah okay got hollywood got baconeggncheese roll need quick snack got bodegas EV
85,apple,Apple Music free I fucking iPhone
86,apple,president named Hassan university professor former education minister new prime minister
87,apple,That 's biggest Adams apple I ever
88,apple,What 's time CHRISTMAS TIME Almost It 's also Day 11 12 Day Giveaway Today 's prize belter 749 Ap
89,apple,much alo side make jet
90,apple,OUT
91,apple,She 105 He 106 The world oldest living couple celebrates 80 years marriage The Washington Post
92,apple,im crying secco knows whats
93,apple,While Olson much younger Democratic opponent lifelong resident Apple Valley offer
94,apple,Sex chromosome analysis arbiter gender True biological anomalies rare Personal preference particul
95,apple,gosh Apple pumpkin candle smells good I love candles
96,apple,Trump finally admits key source information employer Putin
97,apple,Today final day Official Christmas Charts If actually bang iTunes purchases everyone rinses
98,apple,24 hours day Nd I spend fear apple alarm clock
99,apple,take macbook pro apple tell couldnt get computer turn leave
